Designator,Footprint,Quantity,Value,LCSC Part #
"C1, C13, C16, C3, C8",0603,5,1uf,
"C10, C11, C12, C14, C15, C17, C18, C19, C2, C20, C21, C22, C4, C5, C6, C9",0603,16,0.1uf,
C23,1210,1,10uf,
C7,0805,1,10uf,
D1,D_SMA,1,SS34,
"D2, D3, D4, D5",D_SOD-123,4,D_Zener,
DZ1,D_SMB,1,30V,
"H1, H2, H3, H4",MountingHole_2.1mm,4,MountingHole,
IC1,SON50P300X300X80-9N-D,1,ADP7105ACPZ-3.3-R7,
IC2,SOP65P640X120-20N,1,TXS0108EQPWRQ1,
IC3,QFP50P900X900X160-48N,1,AD7280AWBSTZ,
J1,USB_C_Receptacle_HRO_TYPE-C-31-M-12,1,USB_C_Receptacle_USB2.0,
J2,JST_XH_B5B-XH-A_1x05_P2.50mm_Vertical,1,Conn_01x05,
JP1,SolderJumper-2_P1.3mm_Open_TrianglePad1.0x1.5mm,1,Jumper_2_Open,
"L1, L2",1806,2,60Ohms,
"LED1, LED2, LED3, LED4, LED5",0603,5,POW_LED,
"Q1, Q2, Q3, Q4",SOT-23,4,BSS138,
"R1, R2, R3",0603,3,100K,
"R10, R11, R16, R17, R18, R19, R21, R22, R23, R24, R25, R26, R27, R36, R37, R38, R39, R8",0603,18,10K,
R12,0603,1,0R,
"R13, R14, R15, R5, R6",0603,5,1K,
R20,0603,1,NC,
"R28, R29, R30, R31, R32, R33, R34, R35",2512,8,68R,
"R4, R40, R41, R7, R9",0603,5,470,
U1,ESSOP-10_3.9x4.9mm_P1.00mm,1,ch340k,
U2,SOT-363_SC-70-6,1,DDC114TU-7-F,
U3,ESP32-WROOM-32E,1,ESP32-WROOM-E,
